<?xml version='1.0' encoding='UTF-8'?>
<domain xmlns="http://xmlns.oracle.com/weblogic/domain" xmlns:sec="http://xmlns.oracle.com/weblogic/security" xmlns:wls="http://xmlns.oracle.com/weblogic/security/wls" xmlns:xsi="http://www.w3.org/2001/XMLSchema-instance" xsi:schemaLocation="http://xmlns.oracle.com/weblogic/domain http://xmlns.oracle.com/weblogic/1.0/domain.xsd">
  <name>${DOMAIN_NAME}</name>
  <domain-version>${DOMAIN_VERSION}</domain-version>
  <security-configuration>
    <default-realm xsi:nil="true"></default-realm>
  </security-configuration>
  <partition>
    <name>demo1</name>
    <resource-group>
      <name>demoRG</name>
      <app-deployment>
        <name>HelloWorld</name>
        <module-type>war</module-type>
        <source-path>/home/oracle/demo/TIAA-CREF/HelloWorld.war</source-path>
        <plan-dir>sysman/upload/deploy/HelloWorld_p_demo1/config</plan-dir>
        <plan-path>plan.xml</plan-path>
        <security-dd-model>DDOnly</security-dd-model>
        <staging-mode xsi:nil="true"></staging-mode>
        <plan-staging-mode xsi:nil="true"></plan-staging-mode>
        <cache-in-app-directory>false</cache-in-app-directory>
      </app-deployment>
      <use-default-target>false</use-default-target>
    </resource-group>
  </partition>
</domain>
